"","igraph.degree","igraph.closeness","igraph.betweenness","igraph.cen.degree"
"k__Bacteria;p__Firmicutes;c__Clostridia;o__Eubacteriales;f__Oscillospiraceae;g__GGB9608;s__GGB9608_SGB15042",24,0.457142857142857,47,24
"k__Bacteria;p__Firmicutes;c__CFGB1872;o__OFGB1872;f__FGB1872;g__GGB4964;s__GGB4964_SGB6927",3,1,0,3
"k__Bacteria;p__Firmicutes;c__Bacilli;o__Bacillales;f__Bacillales_unclassified;g__Gemella;s__Gemella_SGB47116",3,1,0,3
"k__Bacteria;p__Firmicutes;c__Clostridia;o__Eubacteriales;f__Eubacteriales_Family_XIII_Incertae_Sedis;g__Mogibacterium;s__Mogibacterium_diversum",3,1,0,3
"k__Bacteria;p__Firmicutes;c__Erysipelotrichia;o__Erysipelotrichales;f__Coprobacillaceae;g__Coprobacillus;s__Coprobacillus_sp_AF33_1AC",1,1,0,1
"k__Bacteria;p__Firmicutes;c__Clostridia;o__Eubacteriales;f__Clostridiaceae;g__GGB3623;s__GGB3623_SGB4900",3,1,0,3
"k__Bacteria;p__Firmicutes;c__Clostridia;o__Eubacteriales;f__Oscillospiraceae;g__GGB3169;s__GGB3169_SGB4183",3,1,0,3
"k__Bacteria;p__Proteobacteria;c__Gammaproteobacteria;o__Enterobacterales;f__Enterobacteriaceae;g__Citrobacter;s__Citrobacter_SGB6486",3,1,0,3
"k__Bacteria;p__Bacteroidetes;c__CFGB642;o__OFGB642;f__FGB642;g__GGB1582;s__GGB1582_SGB2173",3,1,0,3
"k__Bacteria;p__Bacteroidetes;c__Bacteroidia;o__Bacteroidales;f__Bacteroidaceae;g__Bacteroides;s__Bacteroides_oleiciplenus",3,1,0,3
"k__Bacteria;p__Firmicutes;c__Bacilli;o__Lactobacillales;f__Carnobacteriaceae;g__Carnobacterium;s__Carnobacterium_divergens",3,1,0,3
"k__Bacteria;p__Bacteroidetes;c__CFGB1458;o__OFGB1458;f__FGB1458;g__GGB1458;s__GGB1458_SGB2021",6,1,0.75,6
"k__Bacteria;p__Firmicutes;c__Clostridia;o__Eubacteriales;f__Peptostreptococcaceae;g__GGB3265;s__GGB3265_SGB4313",4,0.75,0,4
"k__Bacteria;p__Proteobacteria;c__Gammaproteobacteria;o__Enterobacterales;f__Hafniaceae;g__Hafnia;s__Hafnia_paralvei",4,0.75,0,4
"k__Bacteria;p__Actinobacteria;c__Coriobacteriia;o__Eggerthellales;f__Eggerthellaceae;g__Slackia;s__Slackia_piriformis",6,1,0.75,6
"k__Bacteria;p__Firmicutes;c__Negativicutes;o__Selenomonadales;f__Selenomonadaceae;g__Selenomonas;s__Selenomonas_SGB5909",6,1,0.75,6
"k__Bacteria;p__Verrucomicrobia;c__Verrucomicrobiae;o__Verrucomicrobiales;f__Akkermansiaceae;g__GGB6529;s__GGB6529_SGB9222",4,0.75,0,4
"k__Bacteria;p__Firmicutes;c__CFGB3172;o__OFGB3172;f__FGB3172;g__GGB10692;s__GGB10692_SGB17347",5,1,0,5
"k__Bacteria;p__Firmicutes;c__Clostridia;o__Eubacteriales;f__Lachnospiraceae;g__GGB3637;s__GGB3637_SGB4930",5,1,0,5
"k__Bacteria;p__Firmicutes;c__Clostridia;o__Eubacteriales;f__Oscillospiraceae;g__GGB1554;s__GGB1554_SGB2141",5,1,0,5
"k__Bacteria;p__Firmicutes;c__Clostridia;o__Eubacteriales;f__Oscillospiraceae;g__GGB9611;s__GGB9611_SGB2124",5,1,0,5
"k__Bacteria;p__Actinobacteria;c__Actinomycetia;o__Corynebacteriales;f__Mycobacteriaceae;g__GGB80093;s__GGB80093_SGB1810",5,1,0,5
"k__Bacteria;p__Firmicutes;c__CFGB1201;o__OFGB1201;f__FGB1201;g__GGB2958;s__GGB2958_SGB3940",29,0.585365853658537,6.33863381057234,29
"k__Bacteria;p__Firmicutes;c__CFGB1347;o__OFGB1347;f__FGB1347;g__GGB3289;s__GGB3289_SGB4343",29,0.585365853658537,6.33863381057234,29
"k__Bacteria;p__Firmicutes;c__CFGB2985;o__OFGB2985;f__FGB2985;g__GGB9350;s__GGB9350_SGB14317",29,0.585365853658537,6.33863381057234,29
"k__Bacteria;p__Firmicutes;c__CFGB2918;o__OFGB2918;f__FGB2918;g__GGB9240;s__GGB9240_SGB14182",29,0.585365853658537,6.33863381057234,29
"k__Bacteria;p__Tenericutes;c__CFGB4862;o__OFGB4862;f__FGB4862;g__GGB4750;s__GGB4750_SGB6579",29,0.585365853658537,6.33863381057234,29
"k__Bacteria;p__Firmicutes;c__CFGB2840;o__OFGB2840;f__FGB2840;g__GGB9095;s__GGB9095_SGB14026",29,0.585365853658537,6.33863381057234,29
"k__Bacteria;p__Firmicutes;c__CFGB10325;o__OFGB10325;f__FGB10325;g__GGB4669;s__GGB4669_SGB6458",29,0.585365853658537,6.33863381057234,29
"k__Bacteria;p__Firmicutes;c__CFGB31455;o__OFGB31455;f__FGB31455;g__GGB4699;s__GGB4699_SGB6503",29,0.585365853658537,6.33863381057234,29
"k__Bacteria;p__Firmicutes;c__CFGB10314;o__OFGB10314;f__FGB10314;g__GGB4703;s__GGB4703_SGB6510",29,0.585365853658537,6.33863381057234,29
"k__Bacteria;p__Firmicutes;c__CFGB72926;o__OFGB72926;f__FGB72926;g__GGB3614;s__GGB3614_SGB4886",24,0.475247524752475,0,24
"k__Bacteria;p__Firmicutes;c__CFGB31626;o__OFGB31626;f__FGB31626;g__GGB4676;s__GGB4676_SGB6465",28,0.585365853658537,79.6157575296485,28
"k__Bacteria;p__Firmicutes;c__CFGB10021;o__OFGB10021;f__FGB10021;g__GGB9256;s__GGB9256_SGB14202",29,0.585365853658537,6.33863381057234,29
"k__Bacteria;p__Firmicutes;c__CFGB73223;o__OFGB73223;f__FGB73223;g__GGB9249;s__GGB9249_SGB14193",29,0.585365853658537,6.33863381057234,29
"k__Bacteria;p__Firmicutes;c__CFGB76578;o__OFGB76578;f__FGB76578;g__GGB79648;s__GGB79648_SGB4350",29,0.585365853658537,6.33863381057234,29
"k__Bacteria;p__Firmicutes;c__Bacilli;o__Bacillales;f__Staphylococcaceae;g__GGB4658;s__GGB4658_SGB6445",29,0.585365853658537,6.33863381057234,29
"k__Bacteria;p__Firmicutes;c__Clostridia;o__Eubacteriales;f__Lachnospiraceae;g__GGB3593;s__GGB3593_SGB4817",29,0.585365853658537,6.33863381057234,29
"k__Bacteria;p__Firmicutes;c__Clostridia;o__Eubacteriales;f__Oscillospiraceae;g__GGB3343;s__GGB3343_SGB4423",29,0.585365853658537,6.33863381057234,29
"k__Bacteria;p__Firmicutes;c__Bacilli;o__Lactobacillales;f__Lactobacillaceae;g__GGB9677;s__GGB9677_SGB15180",29,0.676056338028169,452.897352838244,29
"k__Bacteria;p__Bacteroidetes;c__Bacteroidia;o__Bacteroidales;f__Prevotellaceae;g__GGB1247;s__GGB1247_SGB1668",29,0.585365853658537,6.33863381057234,29
"k__Bacteria;p__Bacteroidetes;c__Bacteroidia;o__Bacteroidales;f__Prevotellaceae;g__GGB1148;s__GGB1148_SGB1475",23,0.448598130841121,0,23
"k__Bacteria;p__Firmicutes;c__Clostridia;o__Eubacteriales;f__Oscillospiraceae;g__GGB34228;s__GGB34228_SGB53814",29,0.585365853658537,6.33863381057234,29
"k__Bacteria;p__Actinobacteria;c__Coriobacteriia;o__Eggerthellales;f__Eggerthellaceae;g__GGB4687;s__GGB4687_SGB6484",29,0.585365853658537,6.33863381057234,29
"k__Bacteria;p__Firmicutes;c__Clostridia;o__Eubacteriales;f__Lachnospiraceae;g__Butyrivibrio;s__Butyrivibrio_crossotus",26,0.489795918367347,0.67181759438752,26
"k__Bacteria;p__Actinobacteria;c__Actinomycetia;o__Actinomycetales;f__Actinomycetaceae;g__GGB79819;s__GGB79819_SGB4702",29,0.585365853658537,6.33863381057234,29
"k__Bacteria;p__Bacteroidetes;c__Bacteroidia;o__Bacteroidales;f__Bacteroidaceae;g__Bacteroides;s__Bacteroides_ndongoniae",29,0.585365853658537,6.33863381057234,29
"k__Bacteria;p__Actinobacteria;c__Coriobacteriia;o__Eggerthellales;f__Eggerthellaceae;g__Slackia;s__Slackia_equolifaciens",29,0.585365853658537,6.33863381057234,29
"k__Bacteria;p__Proteobacteria;c__Gammaproteobacteria;o__Pseudomonadales;f__Pseudomonadaceae;g__GGB9747;s__GGB9747_SGB15355",22,0.444444444444444,0,22
"k__Bacteria;p__Firmicutes;c__Clostridia;o__Eubacteriales;f__Clostridiaceae;g__Paraclostridium;s__Paraclostridium_bifermentans",22,0.444444444444444,0,22
"k__Bacteria;p__Firmicutes;c__CFGB2930;o__OFGB2930;f__FGB2930;g__GGB9253;s__GGB9253_SGB14199",2,1,0,2
"k__Bacteria;p__Firmicutes;c__Clostridia;o__Eubacteriales;f__Lachnospiraceae;g__Anaerostipes;s__Anaerostipes_SGB4708",2,1,0,2
"k__Bacteria;p__Candidatus_Melainabacteria;c__CFGB2104;o__OFGB2104;f__FGB2104;g__GGB5988;s__GGB5988_SGB8609",9,1,0,9
"k__Bacteria;p__Proteobacteria;c__Betaproteobacteria;o__Rhodocyclales;f__Zoogloeaceae;g__Thauera;s__Thauera_sp_27",9,1,0,9
"k__Bacteria;p__Elusimicrobia;c__Elusimicrobia;o__Elusimicrobiales;f__Elusimicrobiaceae;g__GGB13147;s__GGB13147_SGB19694",9,1,0,9
"k__Bacteria;p__Proteobacteria;c__Gammaproteobacteria;o__Xanthomonadales;f__Xanthomonadaceae;g__Luteimonas;s__Luteimonas_granuli",9,1,0,9
"k__Bacteria;p__Actinobacteria;c__Coriobacteriia;o__Coriobacteriales;f__Coriobacteriaceae;g__Collinsella;s__Collinsella_stercoris",9,1,0,9
"k__Bacteria;p__Proteobacteria;c__Gammaproteobacteria;o__Oceanospirillales;f__Halomonadaceae;g__Halomonas;s__Halomonas_sp_BC_M4_5",9,1,0,9
"k__Bacteria;p__Proteobacteria;c__Gammaproteobacteria;o__Pseudomonadales;f__Pseudomonadaceae;g__Pseudomonas;s__Pseudomonas_stutzeri",9,1,0,9
"k__Bacteria;p__Proteobacteria;c__Gammaproteobacteria;o__Pseudomonadales;f__Pseudomonadaceae;g__Pseudomonas;s__Pseudomonas_kunmingensis",9,1,0,9
"k__Bacteria;p__Actinobacteria;c__Actinomycetia;o__Corynebacteriales;f__Corynebacteriaceae;g__Corynebacterium;s__Corynebacterium_glutamicum",9,1,0,9
"k__Bacteria;p__Firmicutes;c__Bacilli;o__Bacillales;f__Staphylococcaceae;g__GGB6518;s__GGB6518_SGB9206",2,1,0,2
"k__Bacteria;p__Firmicutes;c__Clostridia;o__Eubacteriales;f__Eubacteriales_unclassified;g__Gemmiger;s__Gemmiger_SGB15292",2,1,0,2
"k__Bacteria;p__Firmicutes;c__CFGB76398;o__OFGB76398;f__FGB76398;g__GGB9289;s__GGB9289_SGB14244",14,1,0,14
"k__Bacteria;p__Firmicutes;c__CFGB76533;o__OFGB76533;f__FGB76533;g__GGB9109;s__GGB9109_SGB14042",14,1,0,14
"k__Bacteria;p__Firmicutes;c__CFGB76784;o__OFGB76784;f__FGB76784;g__GGB80012;s__GGB80012_SGB15001",14,1,0,14
"k__Bacteria;p__Bacteroidetes;c__CFGB42510;o__OFGB42510;f__FGB42510;g__GGB50204;s__GGB50204_SGB70276",14,1,0,14
"k__Bacteria;p__Firmicutes;c__Clostridia;o__Eubacteriales;f__Lachnospiraceae;g__GGB9086;s__GGB9086_SGB14014",14,1,0,14
"k__Bacteria;p__Firmicutes;c__Clostridia;o__Eubacteriales;f__Lachnospiraceae;g__Merdimonas;s__Merdimonas_faecis",14,1,0,14
"k__Bacteria;p__Bacteroidetes;c__Bacteroidia;o__Bacteroidales;f__Muribaculaceae;g__GGB80095;s__GGB80095_SGB2145",14,1,0,14
"k__Bacteria;p__Proteobacteria;c__Gammaproteobacteria;o__Xanthomonadales;f__Xanthomonadaceae;g__GGB1562;s__GGB1562_SGB2149",14,1,0,14
"k__Bacteria;p__Proteobacteria;c__Betaproteobacteria;o__Burkholderiales;f__Sutterellaceae;g__Sutterella;s__Sutterella_SGB2156",14,1,0,14
"k__Bacteria;p__Proteobacteria;c__Betaproteobacteria;o__Burkholderiales;f__Alcaligenaceae;g__Alcaligenes;s__Alcaligenes_SGB14037",14,1,0,14
"k__Bacteria;p__Firmicutes;c__Erysipelotrichia;o__Erysipelotrichales;f__Erysipelotrichaceae;g__Longicatena;s__Longicatena_SGB42494",14,1,0,14
"k__Bacteria;p__Verrucomicrobia;c__Verrucomicrobiae;o__Verrucomicrobiales;f__Akkermansiaceae;g__Akkermansia;s__Akkermansia_SGB48227",14,1,0,14
"k__Bacteria;p__Firmicutes;c__Clostridia;o__Eubacteriales;f__Clostridiaceae;g__Clostridiaceae_unclassified;s__Clostridiaceae_bacterium_NSJ_33",14,1,0,14
"k__Bacteria;p__Firmicutes;c__Clostridia;o__Clostridia_unclassified;f__Clostridia_unclassified;g__Candidatus_Protoclostridium;s__Candidatus_Protoclostridium_gallicola",14,1,0,14
"k__Bacteria;p__Firmicutes;c__CFGB1227;o__OFGB1227;f__FGB1227;g__GGB3005;s__GGB3005_SGB3996",7,1,0,7
"k__Bacteria;p__Proteobacteria;c__CFGB2401;o__OFGB2401;f__FGB2401;g__GGB6584;s__GGB6584_SGB9305",7,1,0,7
"k__Bacteria;p__Actinobacteria;c__CFGB12107;o__OFGB12107;f__FGB12107;g__GGB34797;s__GGB34797_SGB14321",7,1,0,7
"k__Bacteria;p__Bacteroidetes;c__Bacteroidia;o__Bacteroidales;f__Bacteroidaceae;g__Bacteroides;s__Bacteroides_congonensis",7,1,0,7
"k__Bacteria;p__Actinobacteria;c__Coriobacteriia;o__Coriobacteriales;f__Coriobacteriaceae;g__Collinsella;s__Collinsella_sp_AF08_23",7,1,0,7
"k__Bacteria;p__Proteobacteria;c__Epsilonproteobacteria;o__Campylobacterales;f__Campylobacteraceae;g__Campylobacter;s__Campylobacter_coli",7,1,0,7
"k__Bacteria;p__Firmicutes;c__Clostridia;o__Eubacteriales;f__Eubacteriales_Family_XIII_Incertae_Sedis;g__Eubacteriales_Family_XIII_Incertae_Sedis_unclassified;s__Eubacteriales_Family_XIII_Incertae_Sedis_unclassified_SGB71368",7,1,0,7
"k__Bacteria;p__Firmicutes;c__CFGB2898;o__OFGB2898;f__FGB2898;g__GGB9211;s__GGB9211_SGB14151",3,0.6,18,3
"k__Bacteria;p__Firmicutes;c__Clostridia;o__Eubacteriales;f__Lachnospiraceae;g__GGB1527;s__GGB1527_SGB2110",3,0.45,3.5,3
"k__Bacteria;p__Firmicutes;c__Clostridia;o__Eubacteriales;f__Eubacteriales_Family_XIII_Incertae_Sedis;g__Mogibacterium;s__Mogibacterium_sp_BX12",2,0.333333333333333,0,2
"k__Bacteria;p__Firmicutes;c__Bacilli;o__Lactobacillales;f__Lactobacillaceae;g__GGB4579;s__GGB4579_SGB6329",3,0.8,0,3
"k__Bacteria;p__Firmicutes;c__Clostridia;o__Eubacteriales;f__Lachnospiraceae;g__Coprococcus;s__Coprococcus_sp_OM04_5BH",4,1,0.333333333333333,4
"k__Bacteria;p__Firmicutes;c__Clostridia;o__Eubacteriales;f__Eubacteriales_unclassified;g__Gemmiger;s__Gemmiger_SGB15301",4,1,0.333333333333333,4
"k__Bacteria;p__Firmicutes;c__Clostridia;o__Eubacteriales;f__Eubacteriales_Family_XIII_Incertae_Sedis;g__Bacilliculturomica;s__Bacilliculturomica_massiliensis",3,0.8,0,3
"k__Bacteria;p__Firmicutes;c__Clostridia;o__Eubacteriales;f__Lachnospiraceae;g__Bilifractor;s__Bilifractor_porci",5,1,0,5
"k__Bacteria;p__Firmicutes;c__Clostridia;o__Eubacteriales;f__Oscillospiraceae;g__Anaerofilum;s__Anaerofilum_sp_An201",5,1,0,5
"k__Bacteria;p__Firmicutes;c__Clostridia;o__Eubacteriales;f__Lachnospiraceae;g__Porcincola;s__Porcincola_intestinalis",5,1,0,5
"k__Bacteria;p__Synergistetes;c__Synergistia;o__Synergistales;f__Synergistaceae;g__Pyramidobacter;s__Pyramidobacter_porci",5,1,0,5
"k__Bacteria;p__Firmicutes;c__Erysipelotrichia;o__Erysipelotrichales;f__Erysipelotrichaceae;g__Anaerolactibacter;s__Anaerolactibacter_massiliensis",5,1,0,5
"k__Bacteria;p__Firmicutes;c__CFGB1303;o__OFGB1303;f__FGB1303;g__GGB3124;s__GGB3124_SGB4136",10,0.764705882352941,1.375,10
"k__Bacteria;p__Firmicutes;c__CFGB38642;o__OFGB38642;f__FGB38642;g__GGB9765;s__GGB9765_SGB15382",10,0.764705882352941,1.375,10
"k__Bacteria;p__Firmicutes;c__CFGB30287;o__OFGB30287;f__FGB30287;g__GGB42378;s__GGB42378_SGB59548",9,0.722222222222222,22,9
"k__Bacteria;p__Firmicutes;c__CFGB76782;o__OFGB76782;f__FGB76782;g__GGB45596;s__GGB45596_SGB63306",10,0.764705882352941,1.375,10
"k__Bacteria;p__Firmicutes;c__Clostridia;o__Eubacteriales;f__Lachnospiraceae;g__GGB3678;s__GGB3678_SGB4991",10,0.764705882352941,1.375,10
"k__Bacteria;p__Firmicutes;c__Clostridia;o__Eubacteriales;f__Oscillospiraceae;g__GGB9623;s__GGB9623_SGB15075",8,0.590909090909091,0,8
"k__Bacteria;p__Actinobacteria;c__Coriobacteriia;o__Eggerthellales;f__Eggerthellaceae;g__GGB9434;s__GGB9434_SGB14812",10,0.764705882352941,1.375,10
"k__Bacteria;p__Firmicutes;c__Clostridia;o__Eubacteriales;f__Oscillospiraceae;g__Massiliimalia;s__Massiliimalia_massiliensis",9,0.65,12,9
"k__Bacteria;p__Firmicutes;c__Clostridia;o__Clostridia_unclassified;f__Clostridia_unclassified;g__Candidatus_Pseudolachnospira;s__Candidatus_Pseudolachnospira_avium",10,0.764705882352941,1.375,10
"k__Bacteria;p__Firmicutes;c__Clostridia;o__Clostridia_unclassified;f__Clostridia_unclassified;g__Candidatus_Neochristensenella;s__Candidatus_Neochristensenella_gallicola",10,0.764705882352941,1.375,10
"k__Bacteria;p__Firmicutes;c__CFGB2960;o__OFGB2960;f__FGB2960;g__GGB9303;s__GGB9303_SGB14264",18,1,0,18
"k__Bacteria;p__Firmicutes;c__CFGB2947;o__OFGB2947;f__FGB2947;g__GGB38716;s__GGB38716_SGB14237",18,1,0,18
"k__Bacteria;p__Bacteroidetes;c__CFGB76015;o__OFGB76015;f__FGB76015;g__GGB1228;s__GGB1228_SGB1601",18,1,0,18
"k__Bacteria;p__Firmicutes;c__Bacilli;o__Lactobacillales;f__Lactobacillaceae;g__GGB4605;s__GGB4605_SGB6378",18,1,0,18
"k__Bacteria;p__Firmicutes;c__Bacilli;o__Lactobacillales;f__Lactobacillaceae;g__GGB4567;s__GGB4567_SGB6308",18,1,0,18
"k__Bacteria;p__Firmicutes;c__Bacilli;o__Lactobacillales;f__Lactobacillaceae;g__GGB4591;s__GGB4591_SGB6350",18,1,0,18
"k__Bacteria;p__Actinobacteria;c__Coriobacteriia;o__Eggerthellales;f__Eggerthellaceae;g__GGB4682;s__GGB4682_SGB6472",18,1,0,18
"k__Bacteria;p__Fusobacteria;c__Fusobacteriia;o__Fusobacteriales;f__Fusobacteriaceae;g__GGB79758;s__GGB79758_SGB14216",18,1,0,18
"k__Bacteria;p__Firmicutes;c__Bacilli;o__Bacillales;f__Staphylococcaceae;g__Jeotgalicoccus;s__Jeotgalicoccus_schoeneichii",18,1,0,18
"k__Bacteria;p__Firmicutes;c__Clostridia;o__Clostridia_unclassified;f__Clostridia_unclassified;g__GGB9200;s__GGB9200_SGB14139",18,1,0,18
"k__Bacteria;p__Proteobacteria;c__Gammaproteobacteria;o__Enterobacterales;f__Enterobacteriaceae;g__GGB1379;s__GGB1379_SGB1880",18,1,0,18
"k__Bacteria;p__Actinobacteria;c__Actinomycetia;o__Micrococcales;f__Dermabacteraceae;g__Brachybacterium;s__Brachybacterium_muris",18,1,0,18
"k__Bacteria;p__Proteobacteria;c__Alphaproteobacteria;o__Rhodobacterales;f__Rhodobacteraceae;g__Paracoccus;s__Paracoccus_jeotgali",18,1,0,18
"k__Bacteria;p__Bacteroidetes;c__Flavobacteriia;o__Flavobacteriales;f__Flavobacteriaceae;g__Gelidibacter;s__Gelidibacter_japonicus",18,1,0,18
"k__Bacteria;p__Proteobacteria;c__Alphaproteobacteria;o__Rhodobacterales;f__Rhodobacteraceae;g__Paracoccus;s__Paracoccus_alkenifer",18,1,0,18
"k__Bacteria;p__Bacteroidetes;c__Flavobacteriia;o__Flavobacteriales;f__Weeksellaceae;g__Chryseobacterium;s__Chryseobacterium_lacus",18,1,0,18
"k__Bacteria;p__Proteobacteria;c__Gammaproteobacteria;o__Moraxellales;f__Moraxellaceae;g__Psychrobacter;s__Psychrobacter_fulvigenes",18,1,0,18
"k__Bacteria;p__Proteobacteria;c__Betaproteobacteria;o__Burkholderiales;f__Sutterellaceae;g__Sutterella;s__Sutterella_megalosphaeroides",18,1,0,18
"k__Bacteria;p__Firmicutes;c__CFGB2840;o__OFGB2840;f__FGB2840;g__GGB9094;s__GGB9094_SGB14025",2,1,0,2
"k__Bacteria;p__Candidatus_Melainabacteria;c__CFGB2107;o__OFGB2107;f__FGB2107;g__GGB13727;s__GGB13727_SGB8655",2,1,0,2
"k__Bacteria;p__Proteobacteria;c__CFGB2401;o__OFGB2401;f__FGB2401;g__GGB6586;s__GGB6586_SGB9311",8,1,0.142857142857143,8
"k__Bacteria;p__Verrucomicrobia;c__CFGB2164;o__OFGB2164;f__FGB2164;g__GGB6132;s__GGB6132_SGB8779",8,1,0.142857142857143,8
"k__Bacteria;p__Firmicutes;c__Bacilli;o__Bacillales;f__Staphylococcaceae;g__GGB6521;s__GGB6521_SGB9212",8,1,0.142857142857143,8
"k__Bacteria;p__Candidatus_Melainabacteria;c__CFGB2106;o__OFGB2106;f__FGB2106;g__GGB5980;s__GGB5980_SGB8599",8,1,0.142857142857143,8
"k__Bacteria;p__Actinobacteria;c__Actinomycetia;o__Actinomycetales;f__Actinomycetaceae;g__GGB3328;s__GGB3328_SGB4406",7,0.888888888888889,0,7
"k__Bacteria;p__Firmicutes;c__Clostridia;o__Clostridia_unclassified;f__Clostridia_unclassified;g__GGB9536;s__GGB9536_SGB14939",8,1,0.142857142857143,8
"k__Bacteria;p__Proteobacteria;c__Betaproteobacteria;o__Burkholderiales;f__Oxalobacteraceae;g__Duganella;s__Duganella_SGB14003",8,1,0.142857142857143,8
"k__Bacteria;p__Firmicutes;c__Clostridia;o__Clostridia_unclassified;f__Clostridia_unclassified;g__Candidatus_Geddesella;s__Candidatus_Geddesella_stercoravicola",7,0.888888888888889,0,7
"k__Bacteria;p__Bacteroidetes;c__Bacteroidia;o__Bacteroidales;f__Rikenellaceae;g__GGB1689;s__GGB1689_SGB2321",5,1,0,5
"k__Bacteria;p__Firmicutes;c__Clostridia;o__Eubacteriales;f__Lachnospiraceae;g__GGB51269;s__GGB51269_SGB5061",5,1,0,5
"k__Bacteria;p__Firmicutes;c__Clostridia;o__Eubacteriales;f__Oscillospiraceae;g__GGB9453;s__GGB9453_SGB14844",5,1,0,5
"k__Bacteria;p__Firmicutes;c__Clostridia;o__Eubacteriales;f__Clostridiaceae;g__Clostridium;s__Clostridium_disporicum",5,1,0,5
"k__Bacteria;p__Proteobacteria;c__Gammaproteobacteria;o__Moraxellales;f__Moraxellaceae;g__Moraxella;s__Moraxella_osloensis",5,1,0,5
"k__Bacteria;p__Firmicutes;c__CFGB2950;o__OFGB2950;f__FGB2950;g__GGB9291;s__GGB9291_SGB14248",9,0.5,37.126502648095,9
"k__Bacteria;p__Firmicutes;c__CFGB58251;o__OFGB58251;f__FGB58251;g__GGB9762;s__GGB9762_SGB15377",8,0.494845360824742,28.0531693147617,8
"k__Bacteria;p__Proteobacteria;c__Betaproteobacteria;o__Burkholderiales;f__Oxalobacteraceae;g__GGB9076;s__GGB9076_SGB13999",8,0.494845360824742,28.0531693147617,8
"k__Bacteria;p__Firmicutes;c__Bacilli;o__Lactobacillales;f__Lactobacillaceae;g__GGB4723;s__GGB4723_SGB6541",7,1,0,7
"k__Bacteria;p__Firmicutes;c__Bacilli;o__Lactobacillales;f__Lactobacillaceae;g__GGB4541;s__GGB4541_SGB6262",7,1,0,7
"k__Bacteria;p__Firmicutes;c__Negativicutes;o__Acidaminococcales;f__Acidaminococcaceae;g__GGB4247;s__GGB4247_SGB5745",7,1,0,7
"k__Bacteria;p__Actinobacteria;c__Coriobacteriia;o__Eggerthellales;f__Eggerthellaceae;g__GGB45432;s__GGB45432_SGB63101",7,1,0,7
"k__Bacteria;p__Firmicutes;c__Clostridia;o__Eubacteriales;f__Lachnospiraceae;g__Lachnoclostridium;s__Clostridium_hylemonae",7,1,0,7
"k__Bacteria;p__Proteobacteria;c__Betaproteobacteria;o__Burkholderiales;f__Oxalobacteraceae;g__GGB9082;s__GGB9082_SGB14007",7,1,0,7
"k__Bacteria;p__Bacteroidetes;c__Bacteroidia;o__Bacteroidales;f__Rikenellaceae;g__Gallalistipes;s__Gallalistipes_aquisgranensis",7,1,0,7
"k__Bacteria;p__Firmicutes;c__CFGB3040;o__OFGB3040;f__FGB3040;g__GGB9542;s__GGB9542_SGB14947",1,1,0,1
"k__Bacteria;p__Proteobacteria;c__Gammaproteobacteria;o__Enterobacterales;f__Enterobacteriaceae;g__Enterobacter;s__Enterobacter_bugandensis",2,0.75,2,2
"k__Bacteria;p__Firmicutes;c__CFGB76388;o__OFGB76388;f__FGB76388;g__GGB9186;s__GGB9186_SGB14125",2,0.571428571428571,0,2
"k__Bacteria;p__Actinobacteria;c__CFGB2801;o__OFGB2801;f__FGB2801;g__GGB8965;s__GGB8965_SGB13825",3,0.8,1,3
"k__Bacteria;p__Actinobacteria;c__Coriobacteriia;o__Coriobacteriales;f__Atopobiaceae;g__Olsenella;s__Olsenella_timonensis",3,0.8,3,3
"k__Bacteria;p__Firmicutes;c__Clostridia;o__Eubacteriales;f__Lachnospiraceae;g__Lachnoclostridium;s__Lachnoclostridium_sp_An118",6,0.692307692307692,20,6
"k__Bacteria;p__Firmicutes;c__CFGB31455;o__OFGB31455;f__FGB31455;g__GGB4700;s__GGB4700_SGB6506",12,0.516129032258065,324.798953594176,12
"k__Bacteria;p__Firmicutes;c__Bacilli;o__Lactobacillales;f__Lactobacillaceae;g__GGB9603;s__GGB9603_SGB15035",7,0.48,73.7566666666667,7
"k__Bacteria;p__Bacteroidetes;c__Bacteroidia;o__Bacteroidales;f__Prevotellaceae;g__Prevotella;s__Prevotella_sp_P4_51",4,0.363636363636364,0,4
"k__Bacteria;p__Firmicutes;c__Clostridia;o__Eubacteriales;f__Eubacteriales_unclassified;g__Eubacteriales_unclassified;s__Clostridiales_bacterium_NSJ_40",3,0.428571428571429,16.2433333333333,3
"k__Bacteria;p__Firmicutes;c__Clostridia;o__Eubacteriales;f__Lachnospiraceae;g__Blautia;s__Blautia_SGB4793",5,0.529411764705882,0,5
"k__Bacteria;p__Firmicutes;c__Bacilli;o__Lactobacillales;f__Enterococcaceae;g__Enterococcus;s__Enterococcus_pseudoavium",5,0.529411764705882,0,5
"k__Bacteria;p__Proteobacteria;c__Gammaproteobacteria;o__Pseudomonadales;f__Pseudomonadaceae;g__Pseudomonas;s__Pseudomonas_aeruginosa",5,0.529411764705882,0,5
"k__Bacteria;p__Proteobacteria;c__Gammaproteobacteria;o__Enterobacterales;f__Morganellaceae;g__Moellerella;s__Moellerella_wisconsensis",5,0.529411764705882,0,5
"k__Bacteria;p__Firmicutes;c__CFGB76515;o__OFGB76515;f__FGB76515;g__GGB3118;s__GGB3118_SGB4130",7,0.366412213740458,13.6666666666667,7
"k__Bacteria;p__Firmicutes;c__Clostridia;o__Eubacteriales;f__Lachnospiraceae;g__Blautia;s__Blautia_SGB6487",7,0.366412213740458,13.6666666666667,7
"k__Bacteria;p__Bacteroidetes;c__Bacteroidia;o__Bacteroidales;f__Prevotellaceae;g__GGB33085;s__GGB33085_SGB1672",7,0.366412213740458,13.6666666666667,7
"k__Bacteria;p__Proteobacteria;c__Gammaproteobacteria;o__Enterobacterales;f__Enterobacteriaceae;g__GGB1380;s__GGB1380_SGB1883",7,0.366412213740458,13.6666666666667,7
"k__Bacteria;p__Firmicutes;c__Clostridia;o__Clostridia_unclassified;f__Clostridia_unclassified;g__GGB45640;s__GGB45640_SGB72681",7,0.366412213740458,13.6666666666667,7
"k__Bacteria;p__Firmicutes;c__Clostridia;o__Eubacteriales;f__Oscillospiraceae;g__Oscillospiraceae_unclassified;s__Oscillospiraceae_unclassified_SGB15257",7,0.366412213740458,13.6666666666667,7
"k__Bacteria;p__Firmicutes;c__Clostridia;o__Eubacteriales;f__Lachnospiraceae;g__GGB3602;s__GGB3602_SGB66069",4,1,0,4
"k__Bacteria;p__Actinobacteria;c__Coriobacteriia;o__Eggerthellales;f__Eggerthellaceae;g__Gordonibacter;s__Gordonibacter_sp_28C",4,1,0,4
"k__Bacteria;p__Actinobacteria;c__Actinomycetia;o__Micrococcales;f__Microbacteriaceae;g__Cryobacterium;s__Cryobacterium_SGB4870",4,1,0,4
"k__Bacteria;p__Firmicutes;c__Clostridia;o__Eubacteriales;f__Lachnospiraceae;g__Lachnoclostridium;s__Lachnoclostridium_sp_An131",4,1,0,4
"k__Bacteria;p__Bacteria_unclassified;c__CFGB2992;o__OFGB2992;f__FGB2992;g__GGB79890;s__GGB79890_SGB14770",7,0.280701754385965,47,7
"k__Bacteria;p__Bacteroidetes;c__Bacteroidia;o__Bacteroidales;f__Porphyromonadaceae;g__Porphyromonas;s__Porphyromonas_asaccharolytica",2,1,0,2
"k__Bacteria;p__Firmicutes;c__Clostridia;o__Clostridia_unclassified;f__Clostridia_unclassified;g__Candidatus_Neoruminococcus;s__Candidatus_Neoruminococcus_faecicola",2,1,0,2
"k__Bacteria;p__Firmicutes;c__Clostridia;o__Eubacteriales;f__Eubacteriales_unclassified;g__Levyella;s__Levyella_massiliensis",3,1,0,3
"k__Bacteria;p__Proteobacteria;c__Gammaproteobacteria;o__Xanthomonadales;f__Xanthomonadaceae;g__Luteimonas;s__Luteimonas_SGB9345",3,1,0,3
"k__Bacteria;p__Firmicutes;c__Bacilli;o__Lactobacillales;f__Lactobacillaceae;g__Lacticaseibacillus;s__Lacticaseibacillus_paracasei",3,1,0,3
"k__Bacteria;p__Firmicutes;c__Clostridia;o__Eubacteriales;f__Oscillospiraceae;g__GGB3189;s__GGB3189_SGB4212",5,0.857142857142857,8,5
"k__Bacteria;p__Proteobacteria;c__Gammaproteobacteria;o__Aeromonadales;f__Aeromonadaceae;g__GGB9786;s__GGB9786_SGB15409",1,0.4,0,1
"k__Bacteria;p__Firmicutes;c__Clostridia;o__Eubacteriales;f__Oscillospiraceae;g__GGB9495;s__GGB9495_SGB14892",1,1,0,1
"k__Bacteria;p__Firmicutes;c__Clostridia;o__Eubacteriales;f__Clostridiaceae;g__Clostridium;s__Clostridium_sp_OM07_10AC",1,0.666666666666667,0,1
"k__Bacteria;p__Actinobacteria;c__Actinomycetia;o__Micrococcales;f__Micrococcaceae;g__Pseudoglutamicibacter;s__Pseudoglutamicibacter_SGB14255",1,0.666666666666667,0,1
"k__Bacteria;p__Firmicutes;c__Clostridia;o__Eubacteriales;f__Lachnospiraceae;g__Coprococcus;s__Coprococcus_SGB106020",2,1,0,2
"k__Bacteria;p__Firmicutes;c__Erysipelotrichia;o__Erysipelotrichales;f__Erysipelotrichaceae;g__Candidatus_Stoquefichus;s__Candidatus_Stoquefichus_sp_SB1",2,1,0,2
"k__Bacteria;p__Actinobacteria;c__Coriobacteriia;o__Coriobacteriales;f__Atopobiaceae;g__Olsenella;s__Olsenella_uli",6,1,0,6
"k__Bacteria;p__Bacteroidetes;c__Flavobacteriia;o__Flavobacteriales;f__Weeksellaceae;g__GGB24261;s__GGB24261_SGB36075",6,1,0,6
"k__Bacteria;p__Proteobacteria;c__Gammaproteobacteria;o__Aeromonadales;f__Aeromonadaceae;g__Aeromonas;s__Aeromonas_veronii",6,1,0,6
"k__Bacteria;p__Proteobacteria;c__Gammaproteobacteria;o__Xanthomonadales;f__Xanthomonadaceae;g__Lysobacter;s__Lysobacter_tolerans",6,1,0,6
"k__Bacteria;p__Proteobacteria;c__Gammaproteobacteria;o__Pseudomonadales;f__Pseudomonadaceae;g__Pseudomonas;s__Pseudomonas_alcaligenes",6,1,0,6
"k__Bacteria;p__Bacteroidetes;c__Chitinophagia;o__Chitinophagales;f__Chitinophagaceae;g__Phnomibacter;s__Phnomibacter_ginsenosidimutans",6,1,0,6
"k__Bacteria;p__Firmicutes;c__Clostridia;o__Eubacteriales;f__Eubacteriaceae;g__Eubacterium;s__Eubacterium_sp_AF22_9",5,1,5,5
"k__Bacteria;p__Bacteroidetes;c__Bacteroidia;o__Bacteroidales;f__Muribaculaceae;g__GGB70873;s__GGB70873_SGB95326",2,0.464285714285714,12,2
"k__Bacteria;p__Firmicutes;c__Bacilli;o__Bacillales;f__Bacillaceae;g__Bacillus;s__Bacillus_massiliogorillae",18,1,0.4,18
"k__Bacteria;p__Firmicutes;c__Bacilli;o__Lactobacillales;f__Streptococcaceae;g__Lactococcus;s__Lactococcus_lactis",18,1,0.4,18
"k__Bacteria;p__Firmicutes;c__Bacilli;o__Lactobacillales;f__Enterococcaceae;g__Enterococcus;s__Enterococcus_avium",18,1,0.4,18
"k__Bacteria;p__Firmicutes;c__Bacilli;o__Lactobacillales;f__Enterococcaceae;g__Enterococcus;s__Enterococcus_mundtii",18,1,0.4,18
"k__Bacteria;p__Firmicutes;c__Clostridia;o__Eubacteriales;f__Clostridiaceae;g__Clostridium;s__Clostridium_sp_Sa3CUN1",18,1,0.4,18
"k__Bacteria;p__Firmicutes;c__Bacilli;o__Lactobacillales;f__Enterococcaceae;g__Enterococcus;s__Enterococcus_hulanensis",18,1,0.4,18
"k__Bacteria;p__Firmicutes;c__Bacilli;o__Lactobacillales;f__Enterococcaceae;g__Enterococcus;s__Enterococcus_casseliflavus",18,1,0.4,18
"k__Bacteria;p__Proteobacteria;c__Betaproteobacteria;o__Neisseriales;f__Neisseriaceae;g__Eikenella;s__Eikenella_corrodens",18,1,0.4,18
"k__Bacteria;p__Proteobacteria;c__Gammaproteobacteria;o__Enterobacterales;f__Morganellaceae;g__Proteus;s__Proteus_mirabilis",15,0.857142857142857,0,15
"k__Bacteria;p__Actinobacteria;c__Actinomycetia;o__Actinomycetales;f__Actinomycetaceae;g__Actinomyces;s__Actinomyces_SGB17132",15,0.857142857142857,0,15
"k__Bacteria;p__Actinobacteria;c__Actinomycetia;o__Actinomycetales;f__Actinomycetaceae;g__Actinomyces;s__Actinomyces_SGB17163",18,1,0.4,18
"k__Bacteria;p__Proteobacteria;c__Gammaproteobacteria;o__Enterobacterales;f__Morganellaceae;g__Morganella;s__Morganella_morganii",15,0.857142857142857,0,15
"k__Bacteria;p__Proteobacteria;c__Gammaproteobacteria;o__Enterobacterales;f__Enterobacteriaceae;g__Kluyvera;s__Kluyvera_intermedia",18,1,0.4,18
"k__Bacteria;p__Proteobacteria;c__Gammaproteobacteria;o__Enterobacterales;f__Enterobacteriaceae;g__Kosakonia;s__Kosakonia_sacchari",18,1,0.4,18
"k__Bacteria;p__Proteobacteria;c__Gammaproteobacteria;o__Enterobacterales;f__Enterobacteriaceae;g__Klebsiella;s__Klebsiella_oxytoca",15,0.857142857142857,0,15
"k__Bacteria;p__Proteobacteria;c__Gammaproteobacteria;o__Enterobacterales;f__Enterobacteriaceae;g__Phytobacter;s__Phytobacter_massiliensis",18,1,0.4,18
"k__Bacteria;p__Proteobacteria;c__Gammaproteobacteria;o__Enterobacterales;f__Enterobacteriaceae;g__Phytobacter;s__Phytobacter_diazotrophicus",18,1,0.4,18
"k__Bacteria;p__Firmicutes;c__Clostridia;o__Eubacteriales;f__Eubacteriales_unclassified;g__Eubacteriales_unclassified;s__Clostridiales_bacterium_CHKCI006",18,1,0.4,18
"k__Bacteria;p__Firmicutes;c__Clostridia;o__Eubacteriales;f__Lachnospiraceae;g__GGB3585;s__GGB3585_SGB4803",12,1,0,12
"k__Bacteria;p__Firmicutes;c__Clostridia;o__Eubacteriales;f__Oscillospiraceae;g__GGB9611;s__GGB9611_SGB15045",12,1,0,12
"k__Bacteria;p__Bacteroidetes;c__Bacteroidia;o__Bacteroidales;f__Muribaculaceae;g__GGB9085;s__GGB9085_SGB14013",12,1,0,12
"k__Bacteria;p__Bacteroidetes;c__Bacteroidia;o__Bacteroidales;f__Rikenellaceae;g__GGB79652;s__GGB79652_SGB15211",12,1,0,12
"k__Bacteria;p__Firmicutes;c__Clostridia;o__Eubacteriales;f__Lachnospiraceae;g__Murimonas;s__Murimonas_intestini",12,1,0,12
"k__Bacteria;p__Actinobacteria;c__Coriobacteriia;o__Eggerthellales;f__Eggerthellaceae;g__GGB9425;s__GGB9425_SGB14795",12,1,0,12
"k__Bacteria;p__Proteobacteria;c__Gammaproteobacteria;o__Aeromonadales;f__Aeromonadaceae;g__GGB9781;s__GGB9781_SGB15402",12,1,0,12
"k__Bacteria;p__Proteobacteria;c__Gammaproteobacteria;o__Aeromonadales;f__Aeromonadaceae;g__GGB9781;s__GGB9781_SGB66170",12,1,0,12
"k__Bacteria;p__Firmicutes;c__Clostridia;o__Eubacteriales;f__Eubacteriales_unclassified;g__Gemmiger;s__Gemmiger_gallinarum",12,1,0,12
"k__Bacteria;p__Firmicutes;c__Clostridia;o__Eubacteriales;f__Eubacteriaceae;g__Intestinibacillus;s__Intestinibacillus_massiliensis",12,1,0,12
"k__Bacteria;p__Firmicutes;c__Clostridia;o__Eubacteriales;f__Eubacteriales_unclassified;g__Eubacteriales_unclassified;s__Clostridiales_bacterium_Marseille_P2846",12,1,0,12
"k__Bacteria;p__Firmicutes;c__Clostridia;o__Clostridia_unclassified;f__Clostridia_unclassified;g__Candidatus_Pseudoscilispira;s__Candidatus_Pseudoscilispira_faecavium",12,1,0,12
"k__Bacteria;p__Bacteroidetes;c__Sphingobacteriia;o__Sphingobacteriales;f__Sphingobacteriaceae;g__GGB9697;s__GGB9697_SGB15213",3,0.333333333333333,1.33333333333333,3
"k__Bacteria;p__Fusobacteria;c__Fusobacteriia;o__Fusobacteriales;f__Leptotrichiaceae;g__Sneathia;s__Sneathia_vaginalis",4,1,0,4
"k__Bacteria;p__Actinobacteria;c__Actinomycetia;o__Actinomycetales;f__Actinomycetaceae;g__Fannyhessea;s__Fannyhessea_vaginae",4,1,0,4
"k__Bacteria;p__Firmicutes;c__Negativicutes;o__Veillonellales;f__Veillonellaceae;g__Veillonella;s__Veillonella_montpellierensis",4,1,0,4
"k__Bacteria;p__Firmicutes;c__Clostridia;o__Eubacteriales;f__Eubacteriales_unclassified;g__Eubacteriales_unclassified;s__Clostridiales_bacterium_VE202_01",4,1,0,4
"k__Bacteria;p__Firmicutes;c__Clostridia;o__Clostridia_unclassified;f__Clostridia_unclassified;g__Candidatus_Metalachnospira;s__Candidatus_Metalachnospira_SGB63370",1,1,0,1
"k__Bacteria;p__Firmicutes;c__Bacilli;o__Bacillales;f__Bacillales_unclassified;g__Gemella;s__Gemella_morbillorum",8,1,0,8
"k__Bacteria;p__Bacteroidetes;c__Bacteroidia;o__Bacteroidales;f__Prevotellaceae;g__Prevotella;s__Prevotella_lascolaii",8,1,0,8
"k__Bacteria;p__Firmicutes;c__Bacilli;o__Lactobacillales;f__Carnobacteriaceae;g__Granulicatella;s__Granulicatella_SGB8239",8,1,0,8
"k__Bacteria;p__Firmicutes;c__Bacilli;o__Lactobacillales;f__Carnobacteriaceae;g__Granulicatella;s__Granulicatella_SGB64171",8,1,0,8
"k__Bacteria;p__Firmicutes;c__Negativicutes;o__Selenomonadales;f__Selenomonadaceae;g__Mitsuokella;s__Mitsuokella_sp_AF21_1AC",8,1,0,8
"k__Bacteria;p__Fusobacteria;c__Fusobacteriia;o__Fusobacteriales;f__Fusobacteriaceae;g__Fusobacterium;s__Fusobacterium_SGB14781",8,1,0,8
"k__Bacteria;p__Proteobacteria;c__Deltaproteobacteria;o__Desulfovibrionales;f__Desulfovibrionaceae;g__GGB80000;s__GGB80000_SGB58382",8,1,0,8
"k__Bacteria;p__Actinobacteria;c__Coriobacteriia;o__Coriobacteriales;f__Coriobacteriaceae;g__Collinsella;s__Collinsella_provencensis",8,1,0,8
"k__Bacteria;p__Proteobacteria;c__Epsilonproteobacteria;o__Campylobacterales;f__Helicobacteraceae;g__GGB6123;s__GGB6123_SGB8768",1,0.220183486238532,0,1
"k__Bacteria;p__Firmicutes;c__Clostridia;o__Eubacteriales;f__Clostridiaceae;g__GGB9060;s__GGB9060_SGB13977",1,0.5,0,1
"k__Bacteria;p__Firmicutes;c__Clostridia;o__Eubacteriales;f__Clostridiaceae;g__GGB9568;s__GGB9568_SGB14980",6,1,0,6
"k__Bacteria;p__Firmicutes;c__Clostridia;o__Eubacteriales;f__Lachnospiraceae;g__GGB3429;s__GGB3429_SGB71704",6,1,0,6
"k__Bacteria;p__Firmicutes;c__Clostridia;o__Eubacteriales;f__Oscillospiraceae;g__GGB9737;s__GGB9737_SGB15309",6,1,0,6
"k__Bacteria;p__Firmicutes;c__Clostridia;o__Eubacteriales;f__Oscillospiraceae;g__GGB79697;s__GGB79697_SGB8653",6,1,0,6
"k__Bacteria;p__Firmicutes;c__Bacilli;o__Lactobacillales;f__Lactobacillaceae;g__Ligilactobacillus;s__Ligilactobacillus_SGB15290",6,1,0,6
"k__Bacteria;p__Proteobacteria;c__Deltaproteobacteria;o__Desulfovibrionales;f__Desulfovibrionaceae;g__Desulfovibrio;s__Desulfovibrio_sp_An276",6,1,0,6
"k__Bacteria;p__Firmicutes;c__Negativicutes;o__Acidaminococcales;f__Acidaminococcaceae;g__GGB4243;s__GGB4243_SGB5738",3,1,0,3
"k__Bacteria;p__Firmicutes;c__Clostridia;o__Eubacteriales;f__Eubacteriales_unclassified;g__Gemmiger;s__Gemmiger_sp_An87",3,1,0,3
"k__Bacteria;p__Firmicutes;c__Clostridia;o__Eubacteriales;f__Lachnospiraceae;g__Lachnoclostridium;s__Lachnoclostridium_phocaeense",3,1,0,3
"k__Bacteria;p__Bacteroidetes;c__Bacteroidia;o__Bacteroidales;f__Bacteroidaceae;g__Bacteroides;s__Bacteroides_caecigallinarum",1,1,0,1
"k__Bacteria;p__Firmicutes;c__Clostridia;o__Eubacteriales;f__Eubacteriaceae;g__Eubacterium;s__Eubacterium_sp_AF22_8LB",4,0.666666666666667,0,4
"k__Bacteria;p__Firmicutes;c__Clostridia;o__Eubacteriales;f__Peptostreptococcaceae;g__Paeniclostridium;s__Paeniclostridium_sordellii",4,0.666666666666667,0,4
"k__Bacteria;p__Firmicutes;c__Clostridia;o__Eubacteriales;f__Oscillospiraceae;g__Oscillospiraceae_unclassified;s__Oscillospiraceae_bacterium_NSJ_50",4,0.666666666666667,0,4
"k__Bacteria;p__Firmicutes;c__Clostridia;o__Eubacteriales;f__Oscillospiraceae;g__Oscillospiraceae_unclassified;s__Ruminococcaceae_bacterium_Marseille_P2935",4,0.666666666666667,0,4
"k__Bacteria;p__Firmicutes;c__Clostridia;o__Clostridia_unclassified;f__Clostridia_unclassified;g__Candidatus_Avimicrobium;s__Candidatus_Avimicrobium_faecavium",1,1,0,1
"k__Bacteria;p__Bacteroidetes;c__Bacteroidia;o__Bacteroidales;f__Rikenellaceae;g__GGB3281;s__GGB3281_SGB4335",2,1,0,2
"k__Bacteria;p__Firmicutes;c__Negativicutes;o__Acidaminococcales;f__Acidaminococcaceae;g__GGB4255;s__GGB4255_SGB53440",2,1,0,2
"k__Bacteria;p__Firmicutes;c__Clostridia;o__Eubacteriales;f__Oscillospiraceae;g__GGB9634;s__GGB9634_SGB15095",1,1,0,1
"k__Bacteria;p__Firmicutes;c__Clostridia;o__Eubacteriales;f__Oscillospiraceae;g__GGB9637;s__GGB9637_SGB15111",2,1,0,2
"k__Bacteria;p__Actinobacteria;c__Coriobacteriia;o__Eggerthellales;f__Eggerthellaceae;g__Slackia;s__Slackia_SGB14780",2,1,0,2
"k__Bacteria;p__Lentisphaerae;c__Lentisphaeria;o__Victivallales;f__Victivallaceae;g__GGB6513;s__GGB6513_SGB9199",6,1,0,6
"k__Bacteria;p__Firmicutes;c__Clostridia;o__Eubacteriales;f__Eubacteriaceae;g__Eubacterium;s__Eubacterium_limosum",6,1,0,6
"k__Bacteria;p__Bacteroidetes;c__Bacteroidia;o__Bacteroidales;f__Prevotellaceae;g__Prevotella;s__Prevotella_buccalis",6,1,0,6
"k__Bacteria;p__Firmicutes;c__Bacilli;o__Lactobacillales;f__Streptococcaceae;g__Streptococcus;s__Streptococcus_SGB3665",6,1,0,6
"k__Bacteria;p__Bacteroidetes;c__Bacteroidia;o__Bacteroidales;f__Porphyromonadaceae;g__Porphyromonas;s__Porphyromonas_sp_HMSC065F10",6,1,0,6
"k__Bacteria;p__Firmicutes;c__Tissierellia;o__Tissierellia_unclassified;f__Tissierellia_unclassified;g__Ezakiella;s__Ezakiella_coagulans",6,1,0,6
"k__Bacteria;p__Firmicutes;c__Bacilli;o__Lactobacillales;f__Aerococcaceae;g__Abiotrophia;s__Abiotrophia_SGB2127",4,1,0.333333333333333,4
"k__Bacteria;p__Firmicutes;c__Clostridia;o__Eubacteriales;f__Clostridiaceae;g__Clostridium;s__Clostridium_celatum",3,0.8,0,3
"k__Bacteria;p__Bacteroidetes;c__Bacteroidia;o__Bacteroidales;f__Bacteroidaceae;g__Bacteroides;s__Bacteroides_rodentium",3,0.8,0,3
"k__Bacteria;p__Firmicutes;c__Negativicutes;o__Acidaminococcales;f__Acidaminococcaceae;g__Acidaminococcus;s__Acidaminococcus_fermentans",4,1,0.333333333333333,4
"k__Bacteria;p__Proteobacteria;c__Gammaproteobacteria;o__Enterobacterales;f__Hafniaceae;g__Edwardsiella;s__Edwardsiella_tarda",3,1,0,3
"k__Bacteria;p__Actinobacteria;c__Coriobacteriia;o__Coriobacteriales;f__Coriobacteriaceae;g__Collinsella;s__Collinsella_SGB53890",3,1,0,3
"k__Bacteria;p__Proteobacteria;c__Epsilonproteobacteria;o__Campylobacterales;f__Helicobacteraceae;g__GGB9575;s__GGB9575_SGB14988",3,1,0,3
"k__Bacteria;p__Proteobacteria;c__Betaproteobacteria;o__Burkholderiales;f__Sutterellaceae;g__GGB6574;s__GGB6574_SGB9289",4,0.833333333333333,1,4
"k__Bacteria;p__Bacteroidetes;c__Bacteroidia;o__Bacteroidales;f__Prevotellaceae;g__Prevotella;s__Prevotella_sp_Marseille_P4119",3,0.714285714285714,0,3
"k__Bacteria;p__Fusobacteria;c__Fusobacteriia;o__Fusobacteriales;f__Fusobacteriaceae;g__Fusobacterium;s__Fusobacterium_nucleatum",2,0.5625,14,2
"k__Bacteria;p__Firmicutes;c__Clostridia;o__Eubacteriales;f__Peptostreptococcaceae;g__Peptacetobacter;s__Peptacetobacter_hiranonis",1,0.3,0,1
"k__Bacteria;p__Firmicutes;c__Clostridia;o__Eubacteriales;f__Oscillospiraceae;g__Ruminococcus;s__Ruminococcus_gauvreauii",1,1,0,1
"k__Bacteria;p__Firmicutes;c__Negativicutes;o__Veillonellales;f__Veillonellaceae;g__Dialister;s__Dialister_pneumosintes",1,1,0,1
"k__Bacteria;p__Firmicutes;c__Clostridia;o__Eubacteriales;f__Lachnospiraceae;g__Lachnospiraceae_unclassified;s__Lachnospiraceae_bacterium_NSJ_46",1,1,0,1
"k__Bacteria;p__Bacteroidetes;c__Bacteroidia;o__Bacteroidales;f__Bacteroidaceae;g__GGB47738;s__GGB47738_SGB65710",5,1,0,5
"k__Bacteria;p__Firmicutes;c__Bacilli;o__Lactobacillales;f__Enterococcaceae;g__Enterococcus;s__Enterococcus_asini",5,1,0,5
"k__Bacteria;p__Firmicutes;c__Bacilli;o__Lactobacillales;f__Enterococcaceae;g__Enterococcus;s__Enterococcus_gallinarum",5,1,0,5
"k__Bacteria;p__Firmicutes;c__Clostridia;o__Eubacteriales;f__Peptostreptococcaceae;g__Clostridioides;s__Clostridioides_difficile",5,1,0,5
"k__Bacteria;p__Firmicutes;c__Clostridia;o__Eubacteriales;f__Peptostreptococcaceae;g__Peptostreptococcus;s__Peptostreptococcus_stomatis",5,1,0,5
"k__Bacteria;p__Bacteroidetes;c__Bacteroidia;o__Bacteroidales;f__Prevotellaceae;g__Prevotella;s__Prevotella_copri_clade_G",2,1,1,2
"k__Bacteria;p__Actinobacteria;c__Coriobacteriia;o__Coriobacteriales;f__Coriobacteriaceae;g__GGB9400;s__GGB9400_SGB14745",3,1,0,3
"k__Bacteria;p__Proteobacteria;c__Gammaproteobacteria;o__Aeromonadales;f__Succinivibrionaceae;g__GGB1154;s__GGB1154_SGB1482",3,1,0,3
"k__Bacteria;p__Proteobacteria;c__Gammaproteobacteria;o__Enterobacterales;f__Enterobacteriaceae;g__GGB1354;s__GGB1354_SGB104904",3,1,0,3
"k__Bacteria;p__Firmicutes;c__Clostridia;o__Eubacteriales;f__Eubacteriaceae;g__Eubacterium;s__Eubacterium_callanderi",8,1,0.5,8
"k__Bacteria;p__Firmicutes;c__Clostridia;o__Eubacteriales;f__Lachnospiraceae;g__Faecalicatena;s__Faecalicatena_orotica",8,1,0.5,8
"k__Bacteria;p__Firmicutes;c__Clostridia;o__Eubacteriales;f__Lachnospiraceae;g__Coprococcus;s__Coprococcus_sp_AF21_14LB",6,0.8,0,6
"k__Bacteria;p__Firmicutes;c__Clostridia;o__Eubacteriales;f__Eubacteriales_unclassified;g__Gemmiger;s__Gemmiger_SGB72777",6,0.8,0,6
"k__Bacteria;p__Firmicutes;c__Clostridia;o__Eubacteriales;f__Eubacteriales_unclassified;g__Massilistercora;s__Massilistercora_timonensis",8,1,0.5,8
"k__Bacteria;p__Firmicutes;c__Clostridia;o__Eubacteriales;f__Eubacteriales_Family_XIII_Incertae_Sedis;g__Baileyella;s__Baileyella_intestinalis",8,1,0.5,8
"k__Bacteria;p__Firmicutes;c__Erysipelotrichia;o__Erysipelotrichales;f__Erysipelotrichaceae;g__Massilimicrobiota;s__Massilimicrobiota_sp_An134",6,0.8,0,6
"k__Bacteria;p__Firmicutes;c__Clostridia;o__Clostridia_unclassified;f__Clostridia_unclassified;g__Candidatus_Metaruminococcus;s__Candidatus_Metaruminococcus_gallistercoris",8,1,0.5,8
"k__Bacteria;p__Firmicutes;c__Bacilli;o__Lactobacillales;f__Lactobacillaceae;g__Limosilactobacillus;s__Limosilactobacillus_mucosae",5,1,0,5
"k__Bacteria;p__Firmicutes;c__Bacilli;o__Lactobacillales;f__Lactobacillaceae;g__Limosilactobacillus;s__Limosilactobacillus_fermentum",5,1,0,5
"k__Bacteria;p__Proteobacteria;c__Gammaproteobacteria;o__Pasteurellales;f__Pasteurellaceae;g__Haemophilus;s__Haemophilus_haemolyticus",5,1,0,5
"k__Bacteria;p__Actinobacteria;c__Coriobacteriia;o__Coriobacteriales;f__Atopobiaceae;g__Paratractidigestivibacter;s__Paratractidigestivibacter_faecalis",5,1,0,5
"k__Bacteria;p__Firmicutes;c__Clostridia;o__Clostridia_unclassified;f__Clostridia_unclassified;g__Candidatus_Heritagella;s__Candidatus_Heritagella_gallinarum",5,1,0,5
"k__Bacteria;p__Bacteroidetes;c__Bacteroidia;o__Bacteroidales;f__Bacteroidaceae;g__Phocaeicola;s__Phocaeicola_barnesiae",1,0.666666666666667,0,1
"k__Bacteria;p__Bacteroidetes;c__Bacteroidia;o__Bacteroidales;f__Prevotellaceae;g__Prevotella;s__Prevotella_copri_clade_E",1,0.666666666666667,0,1
"k__Bacteria;p__Bacteroidetes;c__Bacteroidia;o__Bacteroidales;f__Prevotellaceae;g__Prevotella;s__Prevotella_marseillensis",2,0.625,0,2
"k__Bacteria;p__Fusobacteria;c__Fusobacteriia;o__Fusobacteriales;f__Fusobacteriaceae;g__Fusobacterium;s__Fusobacterium_sp",2,1,0,2
"k__Bacteria;p__Firmicutes;c__Clostridia;o__Eubacteriales;f__Clostridiaceae;g__Clostridiaceae_unclassified;s__Clostridiaceae_bacterium_DONG20_135",2,1,0,2
"k__Bacteria;p__Actinobacteria;c__Actinomycetia;o__Bifidobacteriales;f__Bifidobacteriaceae;g__Gardnerella;s__Gardnerella_vaginalis",1,1,0,1
"k__Bacteria;p__Firmicutes;c__Bacilli;o__Lactobacillales;f__Streptococcaceae;g__Streptococcus;s__Streptococcus_cristatus",6,0.875,15,6
"k__Bacteria;p__Proteobacteria;c__Betaproteobacteria;o__Rhodocyclales;f__Zoogloeaceae;g__Thauera;s__Thauera_phenylacetica",7,1,6,7
"k__Bacteria;p__Proteobacteria;c__Gammaproteobacteria;o__Moraxellales;f__Moraxellaceae;g__Acinetobacter;s__Acinetobacter_parvus",6,0.875,0,6
"k__Bacteria;p__Proteobacteria;c__Gammaproteobacteria;o__Moraxellales;f__Moraxellaceae;g__Acinetobacter;s__Acinetobacter_SGB66365",6,0.875,0,6
"k__Bacteria;p__Proteobacteria;c__Betaproteobacteria;o__Burkholderiales;f__Comamonadaceae;g__Melaminivora;s__Melaminivora_jejuensis",6,0.875,0,6
"k__Bacteria;p__Bacteroidetes;c__Flavobacteriia;o__Flavobacteriales;f__Weeksellaceae;g__Chryseobacterium;s__Chryseobacterium_sp_VAUSW3",6,0.875,0,6
"k__Bacteria;p__Proteobacteria;c__Alphaproteobacteria;o__Caulobacterales;f__Caulobacteraceae;g__Brevundimonas;s__Brevundimonas_diminuta",6,0.875,0,6
"k__Bacteria;p__Firmicutes;c__Clostridia;o__Eubacteriales;f__Peptostreptococcaceae;g__Paeniclostridium;s__Eubacterium_tenue",3,1,0,3
"k__Bacteria;p__Actinobacteria;c__Actinomycetia;o__Actinomycetales;f__Actinomycetaceae;g__Actinomyces;s__Actinomyces_sp_ph3",3,1,0,3
"k__Bacteria;p__Fusobacteria;c__Fusobacteriia;o__Fusobacteriales;f__Fusobacteriaceae;g__Cetobacterium;s__Cetobacterium_somerae",3,1,0,3
"k__Bacteria;p__Firmicutes;c__Clostridia;o__Eubacteriales;f__Oscillospiraceae;g__Monoglobus;s__Monoglobus_pectinilyticus",5,1,0,5
"k__Bacteria;p__Actinobacteria;c__Coriobacteriia;o__Coriobacteriales;f__Coriobacteriaceae;g__Senegalimassilia;s__Senegalimassilia_SGB14826",5,1,0,5
"k__Bacteria;p__Proteobacteria;c__Epsilonproteobacteria;o__Campylobacterales;f__Arcobacteraceae;g__Aliarcobacter;s__Aliarcobacter_cryaerophilus",5,1,0,5
"k__Bacteria;p__Firmicutes;c__Clostridia;o__Clostridia_unclassified;f__Clostridia_unclassified;g__Clostridia_unclassified;s__Clostridia_bacterium_UC5_1_1C12",5,1,0,5
"k__Bacteria;p__Firmicutes;c__Clostridia;o__Clostridia_unclassified;f__Clostridia_unclassified;g__Candidatus_Gallimonas;s__Candidatus_Gallimonas_intestinalis",5,1,0,5
"k__Bacteria;p__Firmicutes;c__Bacilli;o__Lactobacillales;f__Streptococcaceae;g__Streptococcus;s__Streptococcus_anginosus",3,0.583333333333333,0,3
"k__Bacteria;p__Firmicutes;c__Bacilli;o__Lactobacillales;f__Carnobacteriaceae;g__Granulicatella;s__Granulicatella_SGB8255",3,0.583333333333333,0,3
"k__Bacteria;p__Proteobacteria;c__Epsilonproteobacteria;o__Campylobacterales;f__Campylobacteraceae;g__Campylobacter;s__Campylobacter_SGB19337",3,0.636363636363636,2.5,3
"k__Bacteria;p__Proteobacteria;c__Gammaproteobacteria;o__Pasteurellales;f__Pasteurellaceae;g__Aggregatibacter;s__Aggregatibacter_sp_2125159857",3,0.636363636363636,2.5,3
"k__Bacteria;p__Fusobacteria;c__Fusobacteriia;o__Fusobacteriales;f__Leptotrichiaceae;g__Leptotrichia;s__Leptotrichia_wadei",6,0.6,0,6
"k__Bacteria;p__Proteobacteria;c__Betaproteobacteria;o__Burkholderiales;f__Burkholderiaceae;g__Lautropia;s__Lautropia_mirabilis",6,0.6,0,6
"k__Bacteria;p__Proteobacteria;c__Epsilonproteobacteria;o__Campylobacterales;f__Campylobacteraceae;g__GGB12443;s__GGB12443_SGB19313",6,0.6,0,6
"k__Bacteria;p__Fusobacteria;c__Fusobacteriia;o__Fusobacteriales;f__Fusobacteriaceae;g__Fusobacterium;s__Fusobacterium_pseudoperiodonticum",7,0.75,18,7
"k__Bacteria;p__Proteobacteria;c__Epsilonproteobacteria;o__Campylobacterales;f__Campylobacteraceae;g__Campylobacter;s__Campylobacter_SGB96438",6,0.6,0,6
"k__Bacteria;p__Proteobacteria;c__Gammaproteobacteria;o__Cardiobacteriales;f__Cardiobacteriaceae;g__Cardiobacterium;s__Cardiobacterium_hominis",6,0.6,0,6
"k__Bacteria;p__Proteobacteria;c__Betaproteobacteria;o__Burkholderiales;f__Comamonadaceae;g__Alicycliphilus;s__Alicycliphilus_SGB61891",1,0.538461538461538,0,1
"k__Bacteria;p__Bacteroidetes;c__Bacteroidia;o__Bacteroidales;f__Tannerellaceae;g__Parabacteroides;s__Parabacteroides_chinchillae",1,1,0,1
"k__Bacteria;p__Firmicutes;c__Clostridia;o__Eubacteriales;f__Eubacteriales_Family_XIII_Incertae_Sedis;g__GGB2977;s__GGB2977_SGB3959",1,1,0,1
"k__Bacteria;p__Firmicutes;c__Bacilli;o__Lactobacillales;f__Lactobacillaceae;g__Ligilactobacillus;s__Ligilactobacillus_ruminis",1,1,0,1
"k__Bacteria;p__Proteobacteria;c__Gammaproteobacteria;o__Enterobacterales;f__Enterobacteriaceae;g__Escherichia;s__Escherichia_marmotae",1,1,0,1
"k__Bacteria;p__Proteobacteria;c__Deltaproteobacteria;o__Desulfovibrionales;f__Desulfovibrionaceae;g__GGB9819;s__GGB9819_SGB40890",3,1,0,3
"k__Bacteria;p__Firmicutes;c__Negativicutes;o__Acidaminococcales;f__Acidaminococcaceae;g__Acidaminococcus;s__Acidaminococcus_SGB5735",3,1,0,3
"k__Bacteria;p__Firmicutes;c__Clostridia;o__Eubacteriales;f__Eubacteriales_unclassified;g__Intestinimonas;s__Intestinimonas_SGB15130",3,1,0,3
"k__Bacteria;p__Firmicutes;c__Clostridia;o__Eubacteriales;f__Lachnospiraceae;g__Mediterraneibacter;s__Mediterraneibacter_SGB48424",2,1,0,2
"k__Bacteria;p__Firmicutes;c__Clostridia;o__Eubacteriales;f__Eubacteriaceae;g__Intestinibacillus;s__Intestinibacillus_sp_Marseille_P6563",2,1,0,2
"k__Bacteria;p__Proteobacteria;c__Gammaproteobacteria;o__Enterobacterales;f__Enterobacteriaceae;g__Kosakonia;s__Kosakonia_cowanii",7,1,0,7
"k__Bacteria;p__Proteobacteria;c__Gammaproteobacteria;o__Enterobacterales;f__Enterobacteriaceae;g__Enterobacter;s__Enterobacter_mori",7,1,0,7
"k__Bacteria;p__Proteobacteria;c__Gammaproteobacteria;o__Enterobacterales;f__Enterobacteriaceae;g__Kluyvera;s__Kluyvera_cryocrescens",7,1,0,7
"k__Bacteria;p__Proteobacteria;c__Gammaproteobacteria;o__Enterobacterales;f__Enterobacteriaceae;g__Leclercia;s__Leclercia_adecarboxylata",7,1,0,7
"k__Bacteria;p__Proteobacteria;c__Gammaproteobacteria;o__Enterobacterales;f__Enterobacteriaceae;g__Enterobacter;s__Enterobacter_ludwigii",7,1,0,7
"k__Bacteria;p__Proteobacteria;c__Gammaproteobacteria;o__Enterobacterales;f__Enterobacteriaceae;g__Enterobacter;s__Enterobacter_wuhouensis",7,1,0,7
"k__Bacteria;p__Proteobacteria;c__Gammaproteobacteria;o__Enterobacterales;f__Enterobacteriaceae;g__Citrobacter;s__Citrobacter_telavivensis",7,1,0,7
"k__Bacteria;p__Proteobacteria;c__Betaproteobacteria;o__Burkholderiales;f__Comamonadaceae;g__Comamonas;s__Comamonas_denitrificans",1,1,0,1
"k__Bacteria;p__Proteobacteria;c__Gammaproteobacteria;o__Enterobacterales;f__Enterobacteriaceae;g__Klebsiella;s__Klebsiella_quasivariicola",1,1,0,1
"k__Bacteria;p__Proteobacteria;c__Gammaproteobacteria;o__Enterobacterales;f__Enterobacteriaceae;g__Salmonella;s__Salmonella_enterica",2,1,0,2
"k__Bacteria;p__Firmicutes;c__Erysipelotrichia;o__Erysipelotrichales;f__Erysipelotrichaceae;g__Solobacterium;s__Solobacterium_SGB6829",2,1,0,2
"k__Bacteria;p__Proteobacteria;c__Gammaproteobacteria;o__Enterobacterales;f__Enterobacteriaceae;g__Klebsiella;s__Klebsiella_michiganensis",2,0.75,2,2
"k__Bacteria;p__Proteobacteria;c__Gammaproteobacteria;o__Enterobacterales;f__Enterobacteriaceae;g__Raoultella;s__Raoultella_ornithinolytica",1,0.5,0,1
"k__Bacteria;p__Proteobacteria;c__Gammaproteobacteria;o__Enterobacterales;f__Enterobacteriaceae;g__Pluralibacter;s__Pluralibacter_gergoviae",1,1,0,1
"k__Bacteria;p__Firmicutes;c__Erysipelotrichia;o__Erysipelotrichales;f__Erysipelotrichaceae;g__Faecalitalea;s__Faecalitalea_cylindroides",1,1,0,1
"k__Bacteria;p__Candidatus_Saccharibacteria;c__Candidatus_Saccharibacteria_unclassified;o__Candidatus_Saccharibacteria_unclassified;f__Candidatus_Saccharibacteria_unclassified;g__Candidatus_Saccharibacteria_unclassified;s__TM7_phylum_sp_oral_taxon_350",1,1,0,1
"k__Bacteria;p__Firmicutes;c__CFGB1311;o__OFGB1311;f__FGB1311;g__GGB3146;s__GGB3146_SGB4159",1,0.315789473684211,0,1
"k__Bacteria;p__Firmicutes;c__CFGB1249;o__OFGB1249;f__FGB1249;g__GGB3034;s__GGB3034_SGB4030",3,1,0,3
"k__Bacteria;p__Firmicutes;c__CFGB1359;o__OFGB1359;f__FGB1359;g__GGB3321;s__GGB3321_SGB4396",1,1,0,1
"k__Bacteria;p__Firmicutes;c__CFGB1479;o__OFGB1479;f__FGB1479;g__GGB3751;s__GGB3751_SGB5099",3,1,0,3
"k__Bacteria;p__Firmicutes;c__CFGB1211;o__OFGB1211;f__FGB1211;g__GGB2970;s__GGB2970_SGB3952",3,1,0,3
"k__Bacteria;p__Bacteroidetes;c__CFGB602;o__OFGB602;f__FGB602;g__GGB1420;s__GGB1420_SGB1957",6,1,0.75,6
"k__Bacteria;p__Bacteroidetes;c__CFGB635;o__OFGB635;f__FGB635;g__GGB1551;s__GGB1551_SGB2136",5,1,0,5
"k__Bacteria;p__Firmicutes;c__CFGB1226;o__OFGB1226;f__FGB1226;g__GGB2996;s__GGB2996_SGB3983",29,0.585365853658537,6.33863381057234,29
"k__Bacteria;p__Firmicutes;c__CFGB1227;o__OFGB1227;f__FGB1227;g__GGB3000;s__GGB3000_SGB3991",2,1,0,2
"k__Bacteria;p__Bacteroidetes;c__CFGB658;o__OFGB658;f__FGB658;g__GGB1627;s__GGB1627_SGB2230",9,1,0,9
"k__Bacteria;p__Firmicutes;c__CFGB1800;o__OFGB1800;f__FGB1800;g__GGB4773;s__GGB4773_SGB6607",2,1,0,2
"k__Bacteria;p__Bacteroidetes;c__CFGB642;o__OFGB642;f__FGB642;g__GGB1578;s__GGB1578_SGB2169",14,1,0,14
"k__Bacteria;p__Firmicutes;c__CFGB1249;o__OFGB1249;f__FGB1249;g__GGB3032;s__GGB3032_SGB4027",7,1,0,7
"k__Bacteria;p__Firmicutes;c__CFGB1227;o__OFGB1227;f__FGB1227;g__GGB3002;s__GGB3002_SGB3993",3,0.45,3.5,3
"k__Bacteria;p__Bacteroidetes;c__CFGB635;o__OFGB635;f__FGB635;g__GGB1532;s__GGB1532_SGB2115",4,1,0.333333333333333,4
"k__Bacteria;p__Bacteroidetes;c__CFGB629;o__OFGB629;f__FGB629;g__GGB1496;s__GGB1496_SGB2073",5,1,0,5
"k__Bacteria;p__Firmicutes;c__CFGB1249;o__OFGB1249;f__FGB1249;g__GGB3033;s__GGB3033_SGB4029",10,0.764705882352941,1.375,10
"k__Bacteria;p__Firmicutes;c__CFGB6389;o__OFGB6389;f__FGB6389;g__GGB3132;s__GGB3132_SGB4145",18,1,0,18
"k__Bacteria;p__Firmicutes;c__CFGB1800;o__OFGB1800;f__FGB1800;g__GGB4774;s__GGB4774_SGB6609",2,1,0,2
"k__Bacteria;p__Firmicutes;c__CFGB2840;o__OFGB2840;f__FGB2840;g__GGB9091;s__GGB9091_SGB14020",8,1,0.142857142857143,8
"k__Bacteria;p__Firmicutes;c__CFGB1213;o__OFGB1213;f__FGB1213;g__GGB9788;s__GGB9788_SGB15411",5,1,0,5
"k__Bacteria;p__Firmicutes;c__CFGB2942;o__OFGB2942;f__FGB2942;g__GGB9288;s__GGB9288_SGB14243",3,0.340425531914894,0,3
"k__Bacteria;p__Firmicutes;c__CFGB3040;o__OFGB3040;f__FGB3040;g__GGB9542;s__GGB9542_SGB14948",7,1,0,7
"k__Bacteria;p__Firmicutes;c__CFGB2936;o__OFGB2936;f__FGB2936;g__GGB9266;s__GGB9266_SGB14215",1,1,0,1
"k__Bacteria;p__Firmicutes;c__CFGB9581;o__OFGB9581;f__FGB9581;g__GGB9581;s__GGB9581_SGB79823",1,0.5,0,1
"k__Bacteria;p__Firmicutes;c__CFGB3069;o__OFGB3069;f__FGB3069;g__GGB9770;s__GGB9770_SGB15389",3,0.8,1,3
"k__Bacteria;p__Firmicutes;c__CFGB1437;o__OFGB1437;f__FGB1437;g__GGB51420;s__GGB51420_SGB4586",5,0.529411764705882,0,5
"k__Bacteria;p__Firmicutes;c__CFGB6261;o__OFGB6261;f__FGB6261;g__GGB74510;s__GGB74510_SGB47635",4,1,0,4
"k__Bacteria;p__Bacteroidetes;c__CFGB2397;o__OFGB2397;f__FGB2397;g__GGB1219;s__GGB1219_SGB1586",2,1,0,2
"k__Bacteria;p__Firmicutes;c__CFGB28775;o__OFGB28775;f__FGB28775;g__GGB3511;s__GGB3511_SGB4688",3,1,0,3
"k__Bacteria;p__Firmicutes;c__CFGB9238;o__OFGB9238;f__FGB9238;g__GGB74463;s__GGB74463_SGB54347",1,0.40625,0,1
"k__Bacteria;p__Firmicutes;c__CFGB75522;o__OFGB75522;f__FGB75522;g__GGB4249;s__GGB4249_SGB5749",2,0.6,5,2
"k__Bacteria;p__Firmicutes;c__CFGB73062;o__OFGB73062;f__FGB73062;g__GGB9059;s__GGB9059_SGB13976",1,1,0,1
"k__Bacteria;p__Firmicutes;c__CFGB10021;o__OFGB10021;f__FGB10021;g__GGB9258;s__GGB9258_SGB14205",2,1,1,2
"k__Bacteria;p__Actinobacteria;c__CFGB2987;o__OFGB2987;f__FGB2987;g__GGB9357;s__GGB9357_SGB14330",2,1,0,2
"k__Bacteria;p__Actinobacteria;c__CFGB2987;o__OFGB2987;f__FGB2987;g__GGB9357;s__GGB9357_SGB14332",6,1,0,6
"k__Bacteria;p__Bacteroidetes;c__CFGB76189;o__OFGB76189;f__FGB76189;g__GGB1538;s__GGB1538_SGB2121",1,0.555555555555556,0,1
"k__Bacteria;p__Firmicutes;c__Bacilli;o__Bacillales;f__Bacillaceae;g__Bacillus;s__Bacillus_sp_AP8",18,1,0.4,18
"k__Bacteria;p__Firmicutes;c__CFGB24517;o__OFGB24517;f__FGB24517;g__GGB45620;s__GGB45620_SGB63333",12,1,0,12
"k__Bacteria;p__Firmicutes;c__CFGB76465;o__OFGB76465;f__FGB76465;g__GGB80140;s__GGB80140_SGB15224",2,0.331034482758621,0,2
"k__Bacteria;p__Firmicutes;c__Bacilli;o__Bacillales;f__Staphylococcaceae;g__GGB4664;s__GGB4664_SGB6452",4,1,0,4
"k__Bacteria;p__Bacteria_unclassified;c__CFGB2987;o__OFGB2987;f__FGB2987;g__GGB9364;s__GGB9364_SGB14339",1,1,0,1
"k__Bacteria;p__Firmicutes;c__Clostridia;o__Eubacteriales;f__Peptococcaceae;g__GGB6546;s__GGB6546_SGB9245",8,1,0,8
"k__Bacteria;p__Firmicutes;c__Clostridia;o__Eubacteriales;f__Clostridiaceae;g__GGB3176;s__GGB3176_SGB4194",2,0.75,2,2
"k__Bacteria;p__Firmicutes;c__Bacilli;o__Lactobacillales;f__Lactobacillaceae;g__GGB4566;s__GGB4566_SGB6305",6,1,0,6
"k__Bacteria;p__Firmicutes;c__Clostridia;o__Eubacteriales;f__Lachnospiraceae;g__GGB3463;s__GGB3463_SGB4621",3,1,0,3
"k__Bacteria;p__Firmicutes;c__Clostridia;o__Eubacteriales;f__Lachnospiraceae;g__Blautia;s__Blautia_SGB15070",1,1,0,1
"k__Bacteria;p__Firmicutes;c__Clostridia;o__Eubacteriales;f__Oscillospiraceae;g__GGB3340;s__GGB3340_SGB4419",1,1,0,1
"k__Bacteria;p__Firmicutes;c__Clostridia;o__Eubacteriales;f__Clostridiaceae;g__GGB27106;s__GGB27106_SGB6188",2,1,0,2
"k__Bacteria;p__Firmicutes;c__Clostridia;o__Eubacteriales;f__Oscillospiraceae;g__GGB9634;s__GGB9634_SGB15101",1,1,0,1
"k__Bacteria;p__Firmicutes;c__Clostridia;o__Eubacteriales;f__Oscillospiraceae;g__GGB9710;s__GGB9710_SGB15239",2,1,0,2
"k__Bacteria;p__Firmicutes;c__Clostridia;o__Eubacteriales;f__Lachnospiraceae;g__GGB79634;s__GGB79634_SGB5832",6,1,0,6
"k__Bacteria;p__Firmicutes;c__Bacilli;o__Lactobacillales;f__Enterococcaceae;g__GGB10485;s__GGB10485_SGB49305",4,1,0.333333333333333,4
"k__Bacteria;p__Actinobacteria;c__Actinomycetia;o__Micrococcales;f__Micrococcaceae;g__Rothia;s__Rothia_aeria",3,1,0,3
"k__Bacteria;p__Bacteroidetes;c__Bacteroidia;o__Bacteroidales;f__Bacteroidaceae;g__GGB1339;s__GGB1339_SGB1796",3,0.714285714285714,0,3
"k__Bacteria;p__Firmicutes;c__Bacilli;o__Bacillales;f__Bacillales_unclassified;g__Gemella;s__Gemella_sanguinis",2,0.409090909090909,8,2
"k__Bacteria;p__Synergistetes;c__Synergistia;o__Synergistales;f__Synergistaceae;g__GGB9469;s__GGB9469_SGB14863",1,0.325,0,1
"k__Bacteria;p__Firmicutes;c__Clostridia;o__Eubacteriales;f__Lachnospiraceae;g__Roseburia;s__Roseburia_SGB4958",1,1,0,1
"k__Bacteria;p__Bacteroidetes;c__Bacteroidia;o__Bacteroidales;f__Rikenellaceae;g__GGB79654;s__GGB79654_SGB5063",1,1,0,1
"k__Bacteria;p__Firmicutes;c__Clostridia;o__Eubacteriales;f__Oscillospiraceae;g__GGB33469;s__GGB33469_SGB15237",1,1,0,1
"k__Bacteria;p__Firmicutes;c__Clostridia;o__Eubacteriales;f__Clostridiaceae;g__Clostridium;s__Clostridium_sp_D5",5,1,0,5
"k__Bacteria;p__Bacteroidetes;c__Bacteroidia;o__Bacteroidales;f__Rikenellaceae;g__Alistipes;s__Alistipes_SGB2313",1,0.666666666666667,0,1
"k__Bacteria;p__Firmicutes;c__Bacilli;o__Lactobacillales;f__Enterococcaceae;g__Enterococcus;s__Enterococcus_hirae",3,1,0,3
"k__Bacteria;p__Firmicutes;c__Clostridia;o__Eubacteriales;f__Eubacteriaceae;g__Eubacterium;s__Eubacterium_SGB4671",8,1,0.5,8
"k__Bacteria;p__Firmicutes;c__Clostridia;o__Eubacteriales;f__Lachnospiraceae;g__Oribacterium;s__Oribacterium_sinus",5,1,0,5
"k__Bacteria;p__Bacteroidetes;c__Bacteroidia;o__Bacteroidales;f__Prevotellaceae;g__Prevotella;s__Prevotella_sp_885",2,1,1,2
"k__Bacteria;p__Firmicutes;c__Negativicutes;o__Veillonellales;f__Veillonellaceae;g__Veillonella;s__Veillonella_magna",2,1,0,2
"k__Bacteria;p__Tenericutes;c__Mollicutes;o__Mycoplasmatales;f__Mycoplasmataceae;g__Mycoplasma;s__Mycoplasma_hominis",1,1,0,1
"k__Bacteria;p__Firmicutes;c__Bacilli;o__Lactobacillales;f__Streptococcaceae;g__Streptococcus;s__Streptococcus_oralis",1,0.5,0,1
"k__Bacteria;p__Proteobacteria;c__Betaproteobacteria;o__Rhodocyclales;f__Zoogloeaceae;g__Thauera;s__Thauera_terpenica",6,0.875,0,6
"k__Bacteria;p__Firmicutes;c__Bacilli;o__Lactobacillales;f__Lactobacillaceae;g__Lactobacillus;s__Lactobacillus_gasseri",3,1,0,3
"k__Bacteria;p__Firmicutes;c__Clostridia;o__Eubacteriales;f__Eubacteriaceae;g__Eubacterium;s__Eubacterium_maltosivorans",1,0.5,0,1
"k__Bacteria;p__Firmicutes;c__Bacilli;o__Lactobacillales;f__Streptococcaceae;g__Streptococcus;s__Streptococcus_SGB14137",5,1,0,5
"k__Bacteria;p__Firmicutes;c__Bacilli;o__Lactobacillales;f__Streptococcaceae;g__Streptococcus;s__Streptococcus_sp_F0442",3,0.583333333333333,0,3
"k__Bacteria;p__Proteobacteria;c__Betaproteobacteria;o__Neisseriales;f__Neisseriaceae;g__Neisseria;s__Neisseria_subflava",6,0.6,0,6
"k__Bacteria;p__Bacteroidetes;c__Bacteroidia;o__Bacteroidales;f__Prevotellaceae;g__Prevotella;s__Prevotella_copri_clade_D",1,0.666666666666667,0,1
"k__Bacteria;p__Bacteroidetes;c__Bacteroidia;o__Bacteroidales;f__Bacteroidaceae;g__Bacteroides;s__Bacteroides_acidifaciens",1,1,0,1
"k__Bacteria;p__Proteobacteria;c__Betaproteobacteria;o__Burkholderiales;f__Sutterellaceae;g__Dakarella;s__Dakarella_SGB14198",1,1,0,1
"k__Bacteria;p__Proteobacteria;c__Gammaproteobacteria;o__Enterobacterales;f__Yersiniaceae;g__Serratia;s__Serratia_marcescens",1,1,0,1
"k__Bacteria;p__Actinobacteria;c__Actinomycetia;o__Actinomycetales;f__Actinomycetaceae;g__Actinomyces;s__Actinomyces_SGB17154",1,1,0,1
"k__Bacteria;p__Bacteroidetes;c__Bacteroidia;o__Bacteroidales;f__Porphyromonadaceae;g__Porphyromonas;s__Porphyromonas_uenonis",3,1,0,3
"k__Bacteria;p__Actinobacteria;c__Coriobacteriia;o__Eggerthellales;f__Eggerthellaceae;g__Eggerthella;s__Eggerthella_guodeyinii",2,1,0,2
"k__Bacteria;p__Fusobacteria;c__Fusobacteriia;o__Fusobacteriales;f__Fusobacteriaceae;g__Fusobacterium;s__Fusobacterium_sp_DD14",7,1,0,7
"k__Bacteria;p__Proteobacteria;c__Gammaproteobacteria;o__Pasteurellales;f__Pasteurellaceae;g__Haemophilus;s__Haemophilus_SGB5071",1,1,0,1
"k__Bacteria;p__Proteobacteria;c__Gammaproteobacteria;o__Enterobacterales;f__Enterobacteriaceae;g__Kluyvera;s__Kluyvera_georgiana",1,1,0,1
"k__Bacteria;p__Firmicutes;c__Bacilli;o__Lactobacillales;f__Lactobacillaceae;g__Lactiplantibacillus;s__Lactiplantibacillus_plantarum",2,1,0,2
"k__Bacteria;p__Proteobacteria;c__Gammaproteobacteria;o__Enterobacterales;f__Enterobacteriaceae;g__Kluyvera;s__Kluyvera_sichuanensis",2,0.75,2,2
"k__Bacteria;p__Proteobacteria;c__Gammaproteobacteria;o__Enterobacterales;f__Enterobacteriaceae;g__Citrobacter;s__Citrobacter_koseri",1,1,0,1
"k__Bacteria;p__Proteobacteria;c__Gammaproteobacteria;o__Enterobacterales;f__Enterobacteriaceae;g__Enterobacter;s__Enterobacter_kobei",1,0.5,0,1
"k__Bacteria;p__Proteobacteria;c__Gammaproteobacteria;o__Enterobacterales;f__Enterobacteriaceae;g__Kosakonia;s__Kosakonia_radicincitans",1,1,0,1
"k__Bacteria;p__Proteobacteria;c__Gammaproteobacteria;o__Pasteurellales;f__Pasteurellaceae;g__Aggregatibacter;s__Aggregatibacter_segnis",2,0.4375,0,2
"k__Bacteria;p__Candidatus_Saccharibacteria;c__Candidatus_Nanosyncoccalia;o__Candidatus_Nanogingivales;f__Candidatus_Nanogingivalaceae;g__GGB12786;s__GGB12786_SGB19828",1,1,0,1
